{"train/loss":0.0003,"train/reward":0,"_timestamp":1.7386196075659533e+09,"train/kl":0.008456027833744884,"train/reward_std":0,"train/learning_rate":3.0303030303030305e-07,"train/epoch":0.006201550387596899,"train/global_step":2,"_wandb":{"runtime":307},"train/completion_length":302,"train/rewards/local_correctness_reward_wrapper":0,"train/grad_norm":0.00864834152162075,"_step":1,"_runtime":234.202801216}